TYPE,WDPAID,WDPA_PID,PA_DEF,NAME,ORIG_NAME,DESIG,DESIG_ENG,DESIG_TYPE,IUCN_CAT,INT_CRIT,MARINE,REP_M_AREA,GIS_M_AREA,REP_AREA,GIS_AREA,NO_TAKE,NO_TK_AREA,STATUS,STATUS_YR,GOV_TYPE,OWN_TYPE,MANG_AUTH,MANG_PLAN,VERIF,METADATAID,SUB_LOC,PARENT_ISO3,ISO3,SUPP_INFO,CONS_OBJ
Polygon,478036,478036,1,Naurzum Lake System,Naurzum Lake System,"Ramsar Site, Wetland of International Importance","Ramsar Site, Wetland of International Importance",International,Not Reported,(i)(ii)(iii)(iv)(v)(vi),0,0,0,1397.14,1922.87397332512,Not Applicable,0,Designated,2009,Not Reported,Not Reported,Not Reported,Management plan is implented and available,State Verified,1856,KZ-KUS,KAZ,KAZ,Not Applicable,Not Applicable
Polygon,478037,478037,1,Zharsor-Urkash Lake System,Zharsor-Urkash Lake System,"Ramsar Site, Wetland of International Importance","Ramsar Site, Wetland of International Importance",International,Not Reported,(ii)(v)(vi),0,0,0,412.5,293.414770248766,Not Applicable,0,Designated,2009,Not Reported,Not Reported,Not Reported,Management plan is not implented and not available,State Verified,1856,KZ-KUS,KAZ,KAZ,Not Applicable,Not Applicable
Polygon,17721,17721,1,Tengiz-Korgalzhyn Lake System,Tengiz-Korgalzhyn Lake System,"Ramsar Site, Wetland of International Importance","Ramsar Site, Wetland of International Importance",International,Not Reported,(i)(ii)(iv)(v),0,0,0,3533.41,2507.61603418746,Not Applicable,0,Designated,1976,Not Reported,Not Reported,Not Reported,Management plan is not implented and not available,State Verified,1856,KZ-AKM,KAZ,KAZ,Not Applicable,Not Applicable
Polygon,17722,17722,1,Lakes of the lower Turgay & Irgiz,Lakes of the lower Turgay & Irgiz,"Ramsar Site, Wetland of International Importance","Ramsar Site, Wetland of International Importance",International,Not Reported,(i)(ii)(iii)(iv)(v)(vi),0,0,0,3480,2634.96547503371,Not Applicable,0,Designated,1976,Not Reported,Not Reported,Not Reported,Not Reported,State Verified,1856,KZ-AKT,KAZ,KAZ,Not Applicable,Not Applicable
Polygon,16248,16248,1,"State Nature Sanctuary ""Karatal Sands"" (botanical) ",Государственный  природный  заказник «Каратальские пески» (ботанический) ,Zakaznik,Zakaznik,National,IV,Not Applicable,0,0,0,13,13.9013283217078,Not Applicable,0,Designated,2001,Federal or national ministry or agency,State,"Forestry and Wildlife Committee of the Ministry of Ecology, Geology and Natural Resources ",Not Reported,State Verified,1997,KZ-VOS,KAZ,KAZ,Not Applicable,Not Applicable
Polygon,17416,17416,1,Tarbagatay State Nature Sanctuary (zoological),Тарбагатайский государственный природный  заказник (зоологический),Zakaznik,Zakaznik,National,IV,Not Applicable,0,0,0,2400,3049.82842882012,Not Applicable,0,Designated,2001,Federal or national ministry or agency,State,"Forestry and Wildlife Committee of the Ministry of Ecology, Geology and Natural Resources ",Not Reported,State Verified,1997,KZ-VOS,KAZ,KAZ,Not Applicable,Not Applicable
Polygon,62610,62610,1,Kuludzhun State Nature Sanctuary (zoological),Кулуджунский государственный  природный  заказник (зоологический),Zakaznik,Zakaznik,National,IV,Not Applicable,0,0,0,460,453.058964096119,Not Applicable,0,Designated,2001,Federal or national ministry or agency,State,"Forestry and Wildlife Committee of the Ministry of Ecology, Geology and Natural Resources ",Not Reported,State Verified,1997,KZ-VOS,KAZ,KAZ,Not Applicable,Not Applicable
Polygon,62635,62635,1,Nizhne-Turgusun State Nature Sanctuary (botanical),Нижне-Тургусунский государственный природный  заказник (ботанический) ,Zakaznik,Zakaznik,National,IV,Not Applicable,0,0,0,22,188.309270747431,Not Applicable,0,Designated,2001,Federal or national ministry or agency,State,"Forestry and Wildlife Committee of the Ministry of Ecology, Geology and Natural Resources ",Not Reported,State Verified,1997,KZ-VOS,KAZ,KAZ,Not Applicable,Not Applicable
Polygon,15878,15878,1,Belagash State Nature Sanctuary (zoological),Бельагашский государственный  природный  заказник (зоологический),Zakaznik,Zakaznik,National,IV,Not Applicable,0,0,0,15,19.1842590861604,Not Applicable,0,Designated,2001,Federal or national ministry or agency,State,"Forestry and Wildlife Committee of the Ministry of Ecology, Geology and Natural Resources ",Not Reported,State Verified,1997,KZ-KAR,KAZ,KAZ,Not Applicable,Not Applicable
Polygon,16231,16231,1,Kyzylaray State Nature Sanctuary (zoological),Кызыларайский государственный природный заказник (зоологический),Zakaznik,Zakaznik,National,IV,Not Applicable,0,0,0,182,200.802865132426,Not Applicable,0,Designated,2001,Federal or national ministry or agency,State,"Forestry and Wildlife Committee of the Ministry of Ecology, Geology and Natural Resources ",Not Reported,State Verified,1997,KZ-KAR,KAZ,KAZ,Not Applicable,Not Applicable
Polygon,62629,62629,1,Bektauata State Nature Sanctuary (zoological),Бектауатинский государственный природный заказник (зоологический),Zakaznik,Zakaznik,National,IV,Not Applicable,0,0,0,5,5.48437301709418,Not Applicable,0,Designated,2001,Federal or national ministry or agency,State,"Forestry and Wildlife Committee of the Ministry of Ecology, Geology and Natural Resources ",Not Reported,State Verified,1997,KZ-KAR,KAZ,KAZ,Not Applicable,Not Applicable
Polygon,16249,16249,1,Kogashik State Nature Sanctuary (botanical),Когашикский государственный природный заказник (ботанический)  ,Zakaznik,Zakaznik,National,IV,Not Applicable,0,0,0,150,164.788408598966,Not Applicable,0,Designated,2001,Federal or national ministry or agency,State,"Forestry and Wildlife Committee of the Ministry of Ecology, Geology and Natural Resources ",Not Reported,State Verified,1997,KZ-KAR,KAZ,KAZ,Not Applicable,Not Applicable
Polygon,16242,16242,1,Timurskiy State Nature Sanctuary (botanical),Тимурский государственный природный заказник (ботанический),Zakaznik,Zakaznik,National,IV,Not Applicable,0,0,0,40,51.3208661418786,Not Applicable,0,Designated,2001,Federal or national ministry or agency,State,"Forestry and Wildlife Committee of the Ministry of Ecology, Geology and Natural Resources ",Not Reported,State Verified,1997,KZ-YUZ,KAZ,KAZ,Not Applicable,Not Applicable
Polygon,62607,62607,1,Kuvskiy State Nature Sanctuary (zoological),Кувский государственный природный  заказник  (зоологический),Zakaznik,Zakaznik,National,IV,Not Applicable,0,0,0,335,334.589531298316,Not Applicable,0,Designated,2001,Federal or national ministry or agency,State,"Forestry and Wildlife Committee of the Ministry of Ecology, Geology and Natural Resources ",Not Reported,State Verified,1997,KZ-KAR,KAZ,KAZ,Not Applicable,Not Applicable
Polygon,555705854,555705854,1,Turanga State Nature Sanctuary (botanical),Туранговый государственный  природный  заказник  (ботанический),Zakaznik,Zakaznik,National,IV,Not Applicable,0,0,0,0.048,0.572298879153613,Not Applicable,0,Designated,2001,Federal or national ministry or agency,State,"Forestry and Wildlife Committee of the Ministry of Ecology, Geology and Natural Resources ",Not Reported,State Verified,1997,KZ-AKT,KAZ,KAZ,Not Applicable,Not Applicable
Polygon,62611,62611,1,Lepsi State Nature Sanctuary (zoological),Лепсинский государственный  природный заказник (зоологический),Zakaznik,Zakaznik,National,IV,Not Applicable,0,0,0,2580,3154.64330383502,Not Applicable,0,Designated,2001,Federal or national ministry or agency,State,"Forestry and Wildlife Committee of the Ministry of Ecology, Geology and Natural Resources ",Not Reported,State Verified,1997,KZ-ALM,KAZ,KAZ,Not Applicable,Not Applicable
Polygon,16234,16234,1,Akdala State Nature Sanctuary (botanical),Акдалинский государственный природный заказник (ботанический) ,Zakaznik,Zakaznik,National,IV,Not Applicable,0,0,0,30,28.4478289530797,Not Applicable,0,Designated,2001,Federal or national ministry or agency,State,"Forestry and Wildlife Committee of the Ministry of Ecology, Geology and Natural Resources ",Not Reported,State Verified,1997,KZ-YUZ,KAZ,KAZ,Not Applicable,Not Applicable
Polygon,16228,16228,1,State Nature Sanctuary Karaagash (zoological),Караагашский государственный  природный заказник (зоологический),Zakaznik,Zakaznik,National,IV,Not Applicable,0,0,0,68,85.0674649857926,Not Applicable,0,Designated,2001,Federal or national ministry or agency,State,"Forestry and Wildlife Committee of the Ministry of Ecology, Geology and Natural Resources ",Not Reported,State Verified,1997,KZ-KAR,KAZ,KAZ,Not Applicable,Not Applicable
Polygon,62616,62616,1,Pribalkhash State Nature Sanctuary (complex),Прибалхашский государственный  природный  заказник (комплексный),Zakaznik,Zakaznik,National,IV,Not Applicable,0,0,0,5030,3557.39160836088,Not Applicable,0,Designated,2001,Federal or national ministry or agency,State,"Forestry and Wildlife Committee of the Ministry of Ecology, Geology and Natural Resources ",Not Reported,State Verified,1997,KZ-ALM,KAZ,KAZ,Not Applicable,Not Applicable
Polygon,62608,62608,1,Kukan State Nature Sanctuary (zoological),Куканский государственный  природный заказник (зоологический),Zakaznik,Zakaznik,National,IV,Not Applicable,0,0,0,491,501.790369870926,Not Applicable,0,Designated,2001,Federal or national ministry or agency,State,"Forestry and Wildlife Committee of the Ministry of Ecology, Geology and Natural Resources ",Not Reported,State Verified,1997,KZ-ALM,KAZ,KAZ,Not Applicable,Not Applicable
Polygon,62602,62602,1,State Nature Sanctuary Kargaly (zoological),Каргалинский государственный природный заказник  (зоологический),Zakaznik,Zakaznik,National,IV,Not Applicable,0,0,0,133,135.19583267412,Not Applicable,0,Designated,2001,Federal or national ministry or agency,State,"Forestry and Wildlife Committee of the Ministry of Ecology, Geology and Natural Resources ",Not Reported,State Verified,1997,KZ-KZY,KAZ,KAZ,Not Applicable,Not Applicable
Polygon,62592,62592,1,Verkhnekoksu State Nature Sanctuary (zoological),Верхнекоксуйский государственный природный заказник (зоологический),Zakaznik,Zakaznik,National,IV,Not Applicable,0,0,0,2400,2618.52637570979,Not Applicable,0,Designated,2001,Federal or national ministry or agency,State,"Forestry and Wildlife Committee of the Ministry of Ecology, Geology and Natural Resources ",Not Reported,State Verified,1997,KZ-ALM,KAZ,KAZ,Not Applicable,Not Applicable
Polygon,62622,62622,1,Tokty State Nature Sanctuary (zoological),Токтинский государственный  природный заказник (зоологический),Zakaznik,Zakaznik,National,IV,Not Applicable,0,0,0,1870,2213.58023591969,Not Applicable,0,Designated,2001,Federal or national ministry or agency,State,"Forestry and Wildlife Committee of the Ministry of Ecology, Geology and Natural Resources ",Not Reported,State Verified,1997,KZ-ALM,KAZ,KAZ,Not Applicable,Not Applicable
Polygon,62580,62580,1,Almaty State Nature Sanctuary (complex),Алматинский государственный природный  заказник (комплексный ),Zakaznik,Zakaznik,National,IV,Not Applicable,0,0,0,5424,3644.33936490706,Not Applicable,0,Designated,2001,Federal or national ministry or agency,State,"Forestry and Wildlife Committee of the Ministry of Ecology, Geology and Natural Resources ",Not Reported,State Verified,1997,KZ-ALM,KAZ,KAZ,Not Applicable,Not Applicable
Polygon,16247,16247,1,"State Nature Sanctuary ""Karakonuz Tract"" (botanical)","Государственный природный  заказник ""Урочище-Караконуз"" (ботанический)",Zakaznik,Zakaznik,National,IV,Not Applicable,0,0,0,30.7,30.1939759115498,Not Applicable,0,Designated,2001,Federal or national ministry or agency,State,"Forestry and Wildlife Committee of the Ministry of Ecology, Geology and Natural Resources ",Not Reported,State Verified,1997,KZ-ZHA,KAZ,KAZ,Not Applicable,Not Applicable
Polygon,62591,62591,1,Bulandy State Nature Sanctuary (zoological),Буландинский  государственный природный заказник  (зоологический),Zakaznik,Zakaznik,National,IV,Not Applicable,0,0,0,470.76,515.133663879422,Not Applicable,0,Designated,2001,Federal or national ministry or agency,State,"Forestry and Wildlife Committee of the Ministry of Ecology, Geology and Natural Resources ",Not Reported,State Verified,1997,KZ-SEV,KAZ,KAZ,Not Applicable,Not Applicable
Polygon,62603,62603,1,Karoi State Nature Sanctuary (complex),Каройский государственный  природный заказник (комплексный),Zakaznik,Zakaznik,National,IV,Not Applicable,0,0,0,2953.96,5116.03559129219,Not Applicable,0,Designated,2001,Federal or national ministry or agency,State,"Forestry and Wildlife Committee of the Ministry of Ecology, Geology and Natural Resources ",Not Reported,State Verified,1997,KZ-ALM,KAZ,KAZ,Not Applicable,Not Applicable
Polygon,16246,16246,1,"State Nature Sanctuary ""Berkara Tract"" (complex)","Государственный природный  заказник ""Урочище Беркара"" (комплексный)",Zakaznik,Zakaznik,National,IV,Not Applicable,0,0,0,175,171.818422173597,Not Applicable,0,Designated,2001,Federal or national ministry or agency,State,"Forestry and Wildlife Committee of the Ministry of Ecology, Geology and Natural Resources ",Not Reported,State Verified,1997,KZ-KAR,KAZ,KAZ,Not Applicable,Not Applicable
Polygon,62604,62604,1,State Nature Sanctuary Kyzyltau (zoological),Государственный природный заказник «Кызылтау» (зоологический),Zakaznik,Zakaznik,National,IV,Not Applicable,0,0,0,600,834.562294700083,Not Applicable,0,Designated,2001,Federal or national ministry or agency,State,"Forestry and Wildlife Committee of the Ministry of Ecology, Geology and Natural Resources ",Not Reported,State Verified,1997,KZ-PAV,KAZ,KAZ,Not Applicable,Not Applicable
Polygon,555705855,555705855,1,"State Nature Sanctuary ""Floodplain of the Irtysh River"" (complex)",Государственный  природный заказник «Пойма реки Иртыш» (комплексный),Zakaznik,Zakaznik,National,IV,Not Applicable,0,0,0,3771.33,3282.62151296625,Not Applicable,0,Designated,2001,Federal or national ministry or agency,State,"Forestry and Wildlife Committee of the Ministry of Ecology, Geology and Natural Resources ",Not Reported,State Verified,1997,KZ-VOS,KAZ,KAZ,Not Applicable,Not Applicable
Polygon,62624,62624,1,Torangylsay State Nature Sanctuary (zoological),Торангылсайский государственный природный заказник (зоологический),Zakaznik,Zakaznik,National,IV,Not Applicable,0,0,0,179,174.966149383587,Not Applicable,0,Designated,2001,Federal or national ministry or agency,State,"Forestry and Wildlife Committee of the Ministry of Ecology, Geology and Natural Resources ",Not Reported,State Verified,1997,KZ-KZY,KAZ,KAZ,Not Applicable,Not Applicable
Polygon,62582,62582,1,Andasay State Nature Sanctuary (zoological),Андасайский государственный природный заказник (зоологический),Zakaznik,Zakaznik,National,IV,Not Applicable,0,0,0,10000,8517.84031946443,Not Applicable,0,Designated,2001,Federal or national ministry or agency,State,"Forestry and Wildlife Committee of the Ministry of Ecology, Geology and Natural Resources ",Not Reported,State Verified,1997,KZ-ZHA,KAZ,KAZ,Not Applicable,Not Applicable
Polygon,16241,16241,1,State Nature Sanctuary Zadarya (botanical),Задарьинский государственный природный заказник (ботанический)  ,Zakaznik,Zakaznik,National,IV,Not Applicable,0,0,0,84,81.0110722041723,Not Applicable,0,Designated,2001,Federal or national ministry or agency,State,"Forestry and Wildlife Committee of the Ministry of Ecology, Geology and Natural Resources ",Not Reported,State Verified,1997,KZ-YUZ,KAZ,KAZ,Not Applicable,Not Applicable
Polygon,62625,62625,1,Turgay State Nature Sanctuary (zoological),Тургайский государственный природный заказник  (зоологический),Zakaznik,Zakaznik,National,IV,Not Applicable,0,0,0,2960,2954.52597321803,Not Applicable,0,Designated,2001,Federal or national ministry or agency,State,"Forestry and Wildlife Committee of the Ministry of Ecology, Geology and Natural Resources ",Not Reported,State Verified,1997,KZ-AKT,KAZ,KAZ,Not Applicable,Not Applicable
Polygon,62620,62620,1,Sogrov State Nature Sanctuary (zoological),Согровский государственный природный заказник (зоологический)  ,Zakaznik,Zakaznik,National,IV,Not Applicable,0,0,0,1341,1357.91114457179,Not Applicable,0,Designated,2001,Federal or national ministry or agency,State,"Forestry and Wildlife Committee of the Ministry of Ecology, Geology and Natural Resources ",Not Reported,State Verified,1997,KZ-SEV,KAZ,KAZ,Not Applicable,Not Applicable
Polygon,62619,62619,1,Smirnov State Nature Sanctuary (zoological),Смирновский государственный  природный заказник (зоологический),Zakaznik,Zakaznik,National,IV,Not Applicable,0,0,0,2400,2382.88292681332,Not Applicable,0,Designated,2001,Federal or national ministry or agency,State,"Forestry and Wildlife Committee of the Ministry of Ecology, Geology and Natural Resources ",Not Reported,State Verified,1997,KZ-SEV,KAZ,KAZ,Not Applicable,Not Applicable
Polygon,16251,16251,1,Orlinogor State Nature Sanctuary (botanical),Орлиногорский государственный  природный заказник (ботанический),Zakaznik,Zakaznik,National,IV,Not Applicable,0,0,0,34.5,34.6428894520486,Not Applicable,0,Designated,2001,Federal or national ministry or agency,State,"Forestry and Wildlife Committee of the Ministry of Ecology, Geology and Natural Resources ",Not Reported,State Verified,1997,KZ-SEV,KAZ,KAZ,Not Applicable,Not Applicable
Polygon,62613,62613,1,Mamlut State Nature Sanctuary (zoological),Мамлютский государственный  природный заказник (зоологический),Zakaznik,Zakaznik,National,IV,Not Applicable,0,0,0,524,527.269016889315,Not Applicable,0,Designated,2001,Federal or national ministry or agency,State,"Forestry and Wildlife Committee of the Ministry of Ecology, Geology and Natural Resources ",Not Reported,State Verified,1997,KZ-SEV,KAZ,KAZ,Not Applicable,Not Applicable
Polygon,62623,62623,1,Tounsor State Nature Sanctuary (zoological),Тоунсорский государственный  природный заказник (зоологический) ,Zakaznik,Zakaznik,National,IV,Not Applicable,0,0,0,316.5,350.044380985911,Not Applicable,0,Designated,2001,Federal or national ministry or agency,State,"Forestry and Wildlife Committee of the Ministry of Ecology, Geology and Natural Resources ",Not Reported,State Verified,1997,KZ-KAR,KAZ,KAZ,Not Applicable,Not Applicable
Polygon,62614,62614,1,Mikhailov State Nature Sanctuary (zoological),Михайловский государственный  природный заказник  (зоологический),Zakaznik,Zakaznik,National,IV,Not Applicable,0,0,0,768,793.628164391326,Not Applicable,0,Designated,2001,Federal or national ministry or agency,State,"Forestry and Wildlife Committee of the Ministry of Ecology, Geology and Natural Resources ",Not Reported,State Verified,1997,KZ-KUS,KAZ,KAZ,Not Applicable,Not Applicable
Polygon,93971,93971,1,Boralday State Nature Sanctuary (botanical),Боралдайский государственный  природный заказник (ботанический),Zakaznik,Zakaznik,National,IV,Not Applicable,0,0,0,281.4,108.667076125045,Not Applicable,0,Designated,2001,Federal or national ministry or agency,State,"Forestry and Wildlife Committee of the Ministry of Ecology, Geology and Natural Resources ",Not Reported,State Verified,1997,KZ-ZHA,KAZ,KAZ,Not Applicable,Not Applicable
Polygon,62634,62634,1,State Nature Sanctuary Zhambyl (botanical),Жамбылский государственный  природный заказник (ботанический) ,Zakaznik,Zakaznik,National,IV,Not Applicable,0,0,0,86,85.7973539629063,Not Applicable,0,Designated,2001,Federal or national ministry or agency,State,"Forestry and Wildlife Committee of the Ministry of Ecology, Geology and Natural Resources ",Not Reported,State Verified,1997,KZ-YUZ,KAZ,KAZ,Not Applicable,Not Applicable
Polygon,62593,62593,1,East State Nature Sanctuary (zoological),Восточный государственный природный заказник  (зоологический),Zakaznik,Zakaznik,National,IV,Not Applicable,0,0,0,1000,1164.95157705213,Not Applicable,0,Designated,2001,Federal or national ministry or agency,State,"Forestry and Wildlife Committee of the Ministry of Ecology, Geology and Natural Resources ",Not Reported,State Verified,1997,KZ-SEV,KAZ,KAZ,Not Applicable,Not Applicable
Polygon,62583,62583,1,Atbasar State Nature Sanctuary (zoological),Атбасарский государственный  природный заказник  (зоологический),Zakaznik,Zakaznik,National,IV,Not Applicable,0,0,0,751,1444.22492491843,Not Applicable,0,Designated,2001,Federal or national ministry or agency,State,"Forestry and Wildlife Committee of the Ministry of Ecology, Geology and Natural Resources ",Not Reported,State Verified,1997,KZ-AKM,KAZ,KAZ,Not Applicable,Not Applicable
Polygon,62600,62600,1,State Nature  Sanctuary Karakiya-Karakol (zoological),Каракия-Каракольский государственный природный заказник (зоологический),Zakaznik,Zakaznik,National,IV,Not Applicable,0,0,0,1375,1413.35203041789,Not Applicable,0,Designated,2001,Federal or national ministry or agency,State,"Forestry and Wildlife Committee of the Ministry of Ecology, Geology and Natural Resources ",Not Reported,State Verified,1997,Not Reported,KAZ,KAZ,Not Applicable,Not Applicable
Polygon,62590,62590,1,Budari State Nature Sanctuary (zoological),Бударинский государственный  природный  заказник (зоологический),Zakaznik,Zakaznik,National,IV,Not Applicable,0,0,0,800,654.254226671626,Not Applicable,0,Designated,2001,Federal or national ministry or agency,State,"Forestry and Wildlife Committee of the Ministry of Ecology, Geology and Natural Resources ",Not Reported,State Verified,1997,KZ-ZAP,KAZ,KAZ,Not Applicable,Not Applicable
Polygon,555705856,555705856,1,State Nature Sanctuary Zharsor-Urkash (zoological),Жарсор-Уркашский государственный природный заказник (зоологический),Zakaznik,Zakaznik,National,IV,Not Applicable,0,0,0,293.44,294.759175457168,Not Applicable,0,Designated,2008,Federal or national ministry or agency,State,"Forestry and Wildlife Committee of the Ministry of Ecology, Geology and Natural Resources ",Not Reported,State Verified,1997,KZ-YUZ,KAZ,KAZ,Not Applicable,Not Applicable
Polygon,62606,62606,1,Kirsanov State Nature Sanctuary (complex),Кирсановский государственный природный заказник (комплексный)  ,Zakaznik,Zakaznik,National,IV,Not Applicable,0,0,0,610,655.710125824026,Not Applicable,0,Designated,2001,Federal or national ministry or agency,State,"Forestry and Wildlife Committee of the Ministry of Ecology, Geology and Natural Resources ",Not Reported,State Verified,1997,KZ-ZAP,KAZ,KAZ,Not Applicable,Not Applicable
Polygon,62596,62596,1,State Nature Sanctuary Zhaltyrkul (zoological),Жалтыркульский государственный  природный заказник  (зоологический),Zakaznik,Zakaznik,National,IV,Not Applicable,0,0,0,190,231.602310791014,Not Applicable,0,Designated,2001,Federal or national ministry or agency,State,"Forestry and Wildlife Committee of the Ministry of Ecology, Geology and Natural Resources ",Not Reported,State Verified,1997,KZ-ZAP,KAZ,KAZ,Not Applicable,Not Applicable
Polygon,555705857,555705857,1,"State Nature Sanctuary ""South Altay""","Государственный природный  заказник ""Оңтүстік Алтай"" ",Zakaznik,Zakaznik,National,IV,Not Applicable,0,0,0,1971.76,1976.6996027867,Not Applicable,0,Designated,2012,Federal or national ministry or agency,State,"Forestry and Wildlife Committee of the Ministry of Ecology, Geology and Natural Resources ",Not Reported,State Verified,1997,KZ-VOS,KAZ,KAZ,Not Applicable,Not Applicable
Polygon,555705858,555705858,1,"State Nature Sanctuary '""Beldeutas"" (zoological)","Государственный природный заказник ""Белдеутас"" (зоологический)",Zakaznik,Zakaznik,National,IV,Not Applicable,0,0,0,446.6,154.440511677945,Not Applicable,0,Designated,2009,Federal or national ministry or agency,State,"Forestry and Wildlife Committee of the Ministry of Ecology, Geology and Natural Resources ",Not Reported,State Verified,1997,KZ-ZHA,KAZ,KAZ,Not Applicable,Not Applicable
Polygon,62615,62615,1,Novinskiy State Nature Sanctuary (zoological),Новинский государственный природный заказник (зоологический),Zakaznik,Zakaznik,National,IV,Not Applicable,1,0,243.277787957845,450,494.018643147757,Not Reported,0,Designated,2001,Federal or national ministry or agency,State,"Forestry and Wildlife Committee of the Ministry of Ecology, Geology and Natural Resources ",Not Reported,State Verified,1997,KZ-ATY,KAZ,KAZ,Not Applicable,Not Applicable
Polygon,62578,62578,1,Aktay-Buzachi State Nature Sanctuary (zoological),Актау-Бузачинский государственный природный заказник (зоологический)  ,Zakaznik,Zakaznik,National,IV,Not Applicable,0,0,89.9629244444753,1700,1509.31419861365,Not Applicable,0,Designated,2001,Federal or national ministry or agency,State,"Forestry and Wildlife Committee of the Ministry of Ecology, Geology and Natural Resources ",Not Reported,State Verified,1997,Not Reported,KAZ,KAZ,Not Applicable,Not Applicable
Polygon,16233,16233,1,Ulytau State Nature Sanctuary (zoological),Улытауский государственный природный заказник (зоологический) ,Zakaznik,Zakaznik,National,IV,Not Applicable,0,0,0,193,197.797496767867,Not Applicable,0,Designated,2001,Federal or national ministry or agency,State,"Forestry and Wildlife Committee of the Ministry of Ecology, Geology and Natural Resources ",Not Reported,State Verified,1997,KZ-KAR,KAZ,KAZ,Not Applicable,Not Applicable
Polygon,100018,100018,1,Ile-Alatau State National Nature Park ,Иле-Алатауский государственный национальный природный парк,State National Nature Park ,State National Nature Park ,National,II,Not Applicable,0,0,0,1986.69,2015.42814569542,Not Applicable,0,Designated,1996,Federal or national ministry or agency,State,"Forestry and Wildlife Committee of the Ministry of Ecology, Geology and Natural Resources ",Management plan is implemented and is available,State Verified,1997,KZ-ALM,KAZ,KAZ,Not Applicable,Not Applicable
Polygon,555705859,555705859,1,Charyn State National Nature Park,Чарынский государственный национальный природный парк,State National Nature Park ,State National Nature Park ,National,II,Not Applicable,0,0,0,1270.5,930.769932611703,Not Applicable,0,Designated,2004,Federal or national ministry or agency,State,"Forestry and Wildlife Committee of the Ministry of Ecology, Geology and Natural Resources ",Management plan is implemented and is available,State Verified,1997,KZ-SEV,KAZ,KAZ,Not Applicable,Not Applicable
Polygon,555705860,555705860,1,"State National Nature Park ""Burabay""","Государственный национальный природный парк ""Бурабай""",State National Nature Park ,State National Nature Park ,National,II,Not Applicable,0,0,0,1292.99,1336.31059406822,Not Applicable,0,Designated,2000,Federal or national ministry or agency,State,"Forestry and Wildlife Committee of the Ministry of Ecology, Geology and Natural Resources ",Management plan is implemented and is available,State Verified,1997,KZ-SEV,KAZ,KAZ,Not Applicable,Not Applicable
Polygon,555705867,555705867,1,"""Syrdarya-Turkestan State Regional Nature Park"" ","""Сырдарья-Туркестанский государственный региональный природный парк""",State Regional Nature Park ,State Regional Nature Park ,National,II,Not Applicable,0,0,0,1199.78,749.550150350047,Not Applicable,0,Designated,2012,Sub-national ministry or agency,Communal,Akimats of the regions,Management plan is implemented and is available,State Verified,1997,KZ-SEV,KAZ,KAZ,Not Applicable,Not Applicable
Polygon,555705868,555705868,1,Karkaraly State National Nature Park,Каркаралинский государственный национальный природный парк,State National Nature Park ,State National Nature Park ,National,II,Not Applicable,0,0,0,1121.2,1842.58410073493,Not Applicable,0,Designated,1998,Federal or national ministry or agency,State,"Forestry and Wildlife Committee of the Ministry of Ecology, Geology and Natural Resources ",Management plan is implemented and is available,State Verified,1997,KZ-SEV,KAZ,KAZ,Not Applicable,Not Applicable
Polygon,100017,100017,1,"State National Nature Park ""Altyn-Yemel""","Государственный национальный природный парк ""Алтын-Эмель""",State National Nature Park ,State National Nature Park ,National,II,Not Applicable,0,0,0,3076.53,3116.67621760048,Not Applicable,0,Designated,1996,Federal or national ministry or agency,State,"Forestry and Wildlife Committee of the Ministry of Ecology, Geology and Natural Resources ",Management plan is implemented and is available,State Verified,1997,KZ-ALM,KAZ,KAZ,Not Applicable,Not Applicable
Polygon,62641,62641,1,Bayanayl State National Nature Park ,Баянаульский государственный национальный природный парк,State National Nature Park ,State National Nature Park ,National,II,Not Applicable,0,0,0,684.53,622.15334344403,Not Applicable,0,Designated,1985,Federal or national ministry or agency,State,"Forestry and Wildlife Committee of the Ministry of Ecology, Geology and Natural Resources ",Management plan is implemented and is available,State Verified,1997,KZ-PAV,KAZ,KAZ,Not Applicable,Not Applicable
Polygon,555705869,555705869,1,Karatau State Nature Reserve,Каратауский государственный природный заповедник,State Nature Reserve,State Nature Reserve,National,Ia,Not Applicable,0,0,0,343,359.399389395974,Not Applicable,0,Designated,2004,Federal or national ministry or agency,State,"Forestry and Wildlife Committee of the Ministry of Ecology, Geology and Natural Resources ",Management plan is implemented and is available,State Verified,1997,KZ-VOS,KAZ,KAZ,Not Applicable,Not Applicable
Polygon,555705870,555705870,1,"State Forest Nature Reservat ""Ertis Ormany""","Государственный лесной природный резерват ""Ертіс орманы""",State Nature Reserve,State Nature Reserve,National,VI,Not Applicable,0,0,0,2779.61,2915.52518449284,Not Applicable,0,Designated,2003,Federal or national ministry or agency,State,"Forestry and Wildlife Committee of the Ministry of Ecology, Geology and Natural Resources ",Management plan is implemented and is available,State Verified,1997,KZ-ALM,KAZ,KAZ,Not Applicable,Not Applicable
Polygon,167104,167104,1,"State National Nature Park ""Kokshetau""","Государственный национальный природный парк ""Кокшетау""",State National Nature Park ,State National Nature Park ,National,II,Not Applicable,0,0,0,1820.76,7556.15973931833,Not Applicable,0,Designated,1996,Federal or national ministry or agency,State,"Forestry and Wildlife Committee of the Ministry of Ecology, Geology and Natural Resources ",Management plan is implemented and is available,State Verified,1997,KZ-SEV,KAZ,KAZ,Not Applicable,Not Applicable
Polygon,555705861,555705861,1,Katon-Karagay State National Nature Park,Катон-Карагайский государственный национальный природный парк,State National Nature Park ,State National Nature Park ,National,II,Not Applicable,0,0,0,6434.77,6748.42006461531,Not Applicable,0,Designated,2001,Federal or national ministry or agency,State,"Forestry and Wildlife Committee of the Ministry of Ecology, Geology and Natural Resources ",Management plan is implemented and is available,State Verified,1997,KZ-SEV,KAZ,KAZ,Not Applicable,Not Applicable
Polygon,555705862,555705862,1,Sayram-Ugam State National Nature Park ,Сайрам-Угамский государственный национальный природный парк,State National Nature Park ,State National Nature Park ,National,II,Not Applicable,0,0,0,1490.37,1285.77062588859,Not Applicable,0,Designated,2006,Federal or national ministry or agency,State,"Forestry and Wildlife Committee of the Ministry of Ecology, Geology and Natural Resources ",Management plan is implemented and is available,State Verified,1997,KZ-SEV,KAZ,KAZ,Not Applicable,Not Applicable
Polygon,555705871,555705871,1,"State Forest Nature Reservat ""Semey Ormany""","Государственный лесной природный резерват ""Семей орманы""",State Nature Reserve,State Nature Reserve,National,VI,Not Applicable,0,0,0,6541.8,6443.37288839376,Not Applicable,0,Designated,2003,Federal or national ministry or agency,State,"Forestry and Wildlife Committee of the Ministry of Ecology, Geology and Natural Resources ",Management plan is implemented and is available,State Verified,1997,KZ-ALM,KAZ,KAZ,Not Applicable,Not Applicable
Polygon,555705863,555705863,1,"State National Nature Park ""Kolday koldery""","Государственный национальный природный парк ""Колсай көлдері""",State National Nature Park ,State National Nature Park ,National,II,Not Applicable,0,0,0,1610.45,1612.31532047529,Not Applicable,0,Designated,2007,Federal or national ministry or agency,State,"Forestry and Wildlife Committee of the Ministry of Ecology, Geology and Natural Resources ",Management plan is implemented and is available,State Verified,1997,KZ-SEV,KAZ,KAZ,Not Applicable,Not Applicable
Polygon,555705864,555705864,1,Zhongar-Alatau State National Nature Park,Жонгар-Алатауский государственный национальный природный парк,State National Nature Park ,State National Nature Park ,National,II,Not Applicable,0,0,0,3560.22,3942.86829519986,Not Applicable,0,Designated,2010,Federal or national ministry or agency,State,"Forestry and Wildlife Committee of the Ministry of Ecology, Geology and Natural Resources ",Management plan is implemented and is available,State Verified,1997,KZ-SEV,KAZ,KAZ,Not Applicable,Not Applicable
Polygon,555705865,555705865,1,"State National Nature Park ""Buiratau""","Государственный национальный природный парк ""Буйратау""",State National Nature Park ,State National Nature Park ,National,II,Not Applicable,0,0,0,889.68,850.809848935163,Not Applicable,0,Designated,2011,Federal or national ministry or agency,State,"Forestry and Wildlife Committee of the Ministry of Ecology, Geology and Natural Resources ",Management plan is implemented and is available,State Verified,1997,KZ-SEV,KAZ,KAZ,Not Applicable,Not Applicable
Polygon,555705866,555705866,1,"State National Nature Park ""Tarbagatay""","Государственный национальный природный парк ""Тарбагатай""",State National Nature Park ,State National Nature Park ,National,II,Not Applicable,0,0,0,1435.5,2014.51107645583,Not Applicable,0,Designated,2018,Federal or national ministry or agency,State,"Forestry and Wildlife Committee of the Ministry of Ecology, Geology and Natural Resources ",Management plan is implemented and is available,State Verified,1997,KZ-SEV,KAZ,KAZ,Not Applicable,Not Applicable
Polygon,62569,62569,1,West-Altay State Nature Reserve,Западно-Алтайский государственный природный заповедник,State Nature Reserve,State Nature Reserve,National,Ia,Not Applicable,0,0,0,861.2,557.291518505256,Not Applicable,0,Designated,1992,Federal or national ministry or agency,State,"Forestry and Wildlife Committee of the Ministry of Ecology, Geology and Natural Resources ",Management plan is implemented and is available,State Verified,1997,KZ-VOS,KAZ,KAZ,Not Applicable,Not Applicable
Polygon,1672,1672,1,Markakol State Nature Reserve,Маркакольский государственный природный заповедник,State Nature Reserve,State Nature Reserve,National,Ia,Not Applicable,0,0,0,1029.7,742.367248538404,Not Applicable,0,Designated,1976,Federal or national ministry or agency,State,"Forestry and Wildlife Committee of the Ministry of Ecology, Geology and Natural Resources ",Management plan is implemented and is available,State Verified,1997,KZ-VOS,KAZ,KAZ,Not Applicable,Not Applicable
Polygon,1673,1673,1,Barsakelmes State Nature Reserve,Барсакельмесский государственный природный заповедник,State Nature Reserve,State Nature Reserve,National,Ia,Not Applicable,0,0,0,1631.26,301.379659132808,Not Applicable,0,Designated,1939,Federal or national ministry or agency,State,"Forestry and Wildlife Committee of the Ministry of Ecology, Geology and Natural Resources ",Management plan is implemented and is available,State Verified,1997,KZ-KZY,KAZ,KAZ,Not Applicable,Not Applicable
Polygon,555705873,555705873,1,Irgiz-Torgay State Nature Reservat,Иргиз-Тургайский государственный природный резерват,State Nature Reserve,State Nature Reserve,National,VI,Not Applicable,0,0,0,11735.11,11739.7497726549,Not Applicable,0,Designated,2007,Federal or national ministry or agency,State,"Forestry and Wildlife Committee of the Ministry of Ecology, Geology and Natural Resources ",Management plan is implemented and is available,State Verified,1997,KZ-ALM,KAZ,KAZ,Not Applicable,Not Applicable
Polygon,14231,14231,1,"State Nature Reservat ""Ile-Balkhash""","Государственый природный резерват ""Иле-Балхаш""",State Nature Reserve,State Nature Reserve,National,VI,Not Applicable,0,0,0,4151.64,3599.62481390441,Not Applicable,0,Designated,2018,Federal or national ministry or agency,State,"Forestry and Wildlife Committee of the Ministry of Ecology, Geology and Natural Resources ",Management plan is implemented and is available,State Verified,1997,KZ-ALM,KAZ,KAZ,Not Applicable,Not Applicable
Polygon,1670,1670,1,Naurzum State Nature Reserve,Наурзумский государственный природный заповедник,State Nature Reserve,State Nature Reserve,National,Ia,Not Applicable,0,0,0,1913.81,1913.11542148413,Not Applicable,0,Designated,1931,Federal or national ministry or agency,State,"Forestry and Wildlife Committee of the Ministry of Ecology, Geology and Natural Resources ",Management plan is implemented and is available,State Verified,1997,KZ-KUS,KAZ,KAZ,Not Applicable,Not Applicable
Polygon,11827,11827,1,Ustyurt State Nature Reserve,Устюртский государственный природный заповедник,State Nature Reserve,State Nature Reserve,National,Ia,Not Applicable,0,0,0,2233.42,2277.50719239344,Not Applicable,0,Designated,1984,Federal or national ministry or agency,State,"Forestry and Wildlife Committee of the Ministry of Ecology, Geology and Natural Resources ",Management plan is implemented and is available,State Verified,1997,Not Reported,KAZ,KAZ,Not Applicable,Not Applicable
Polygon,1669,1669,1,Almaty State Nature Reserve,Алматинский государственный природный заповедник,State Nature Reserve,State Nature Reserve,National,Ia,Not Applicable,0,0,0,717,722.497568246858,Not Applicable,0,Designated,1961,Federal or national ministry or agency,State,"Forestry and Wildlife Committee of the Ministry of Ecology, Geology and Natural Resources ",Management plan is implemented and is available,State Verified,1997,KZ-ALM,KAZ,KAZ,Not Applicable,Not Applicable
Polygon,1671,1671,1,Aksu-Dzhabagly State Nature Reserve,Аксу-Жабаглинский государственный природный заповедник,State Nature Reserve,State Nature Reserve,National,Ia,Not Applicable,0,0,0,1319.34,1213.68278588234,Not Applicable,0,Designated,1926,Federal or national ministry or agency,State,"Forestry and Wildlife Committee of the Ministry of Ecology, Geology and Natural Resources ",Management plan is implemented and is available,State Verified,1997,KZ-YUZ,KAZ,KAZ,Not Applicable,Not Applicable
Polygon,17406,17406,1,Alakol State Nature Reserve,Алакольский государственный природный заповедник,State Nature Reserve,State Nature Reserve,National,Ia,Not Applicable,0,0,0,656.72,203.78286711649,Not Applicable,0,Designated,1998,Federal or national ministry or agency,State,"Forestry and Wildlife Committee of the Ministry of Ecology, Geology and Natural Resources ",Management plan is implemented and is available,State Verified,1997,KZ-VOS,KAZ,KAZ,Not Applicable,Not Applicable
Polygon,1668,1668,1,Korgalzhyn State Nature Reserve,Коргалжынский государственный природный заповедник,State Nature Reserve,State Nature Reserve,National,Ia,Not Applicable,0,0,0,5431.7,5376.06173053174,Not Applicable,0,Designated,1968,Federal or national ministry or agency,State,"Forestry and Wildlife Committee of the Ministry of Ecology, Geology and Natural Resources ",Management plan is implemented and is available,State Verified,1997,KZ-AKM,KAZ,KAZ,Not Applicable,Not Applicable
Polygon,342650,342650,1,"State Nature Reservat ""Akzhaiyk""","Государственный природный резерват ""Акжайык""",State Nature Reserve,State Nature Reserve,National,VI,Not Applicable,1,0,670.035869223893,1115,1114.94483531157,Not Reported,0,Designated,2009,Federal or national ministry or agency,State,"Forestry and Wildlife Committee of the Ministry of Ecology, Geology and Natural Resources ",Management plan is implemented and is available,State Verified,1997,KZ-ALM,KAZ,KAZ,Not Applicable,Not Applicable
Polygon,555705874,555705874,1,Zhusandala State Reserved Zone ,Жусандалинская заповедная зона,State Natural Protected Zone,State Natural Protected Zone,National,VI,Not Applicable,0,0,0,27570,22669.8418394611,Not Applicable,0,Designated,2001,Federal or national ministry or agency,State,"Forestry and Wildlife Committee of the Ministry of Ecology, Geology and Natural Resources ",Not Reported,State Verified,1997,Not Reported,KAZ,KAZ,Not Applicable,Not Applicable
Polygon,555705872,555705872,1,"State Nature Reservat ""Altyn Dala""","Государственный природный резерват ""Алтын Дала""",State Nature Reserve,State Nature Reserve,National,VI,Not Applicable,0,0,0,4897.66,4898.85761376306,Not Applicable,0,Designated,2012,Federal or national ministry or agency,State,"Forestry and Wildlife Committee of the Ministry of Ecology, Geology and Natural Resources ",Management plan is implemented and is available,State Verified,1997,KZ-ALM,KAZ,KAZ,Not Applicable,Not Applicable
Polygon,342649,342649,1,Kenderly-Kayasan State Reserved Zone ,Кендерли-Каясанская государственная заповедная зона,State Natural Protected Zone,State Natural Protected Zone,National,Not Reported,Not Applicable,0,0,0.466459207770662,12302.9,13510.7240310061,Not Applicable,0,Designated,2001,Federal or national ministry or agency,State,"Forestry and Wildlife Committee of the Ministry of Ecology, Geology and Natural Resources ",Not Reported,State Verified,1997,Not Reported,KAZ,KAZ,Not Applicable,Not Applicable
Polygon,342651,342651,1,State Reserved Zone  in Northern part of Caspian Sea,Государственная заповедная зона в северной части Каспийского моря,State Natural Protected Zone,State Natural Protected Zone,National,Not Reported,Not Applicable,2,0,59699.3921973477,6626.3,63076.7516075378,Not Reported,0,Designated,1974,Federal or national ministry or agency,State,"Forestry and Wildlife Committee of the Ministry of Ecology, Geology and Natural Resources ",Not Reported,State Verified,1997,Not Reported,KAZ,KAZ,Not Applicable,Not Applicable
Polygon,555705875,555705875,1,South Kazakhstan State Reserved Zone',Южно-Казахстанская государственная заповедная зона,State Natural Protected Zone,State Natural Protected Zone,National,VI,Not Applicable,0,0,0,62580,79037.0864836355,Not Applicable,0,Designated,2005,Federal or national ministry or agency,State,"Forestry and Wildlife Committee of the Ministry of Ecology, Geology and Natural Resources ",Not Reported,State Verified,1997,Not Reported,KAZ,KAZ,Not Applicable,Not Applicable
Polygon,555705876,555705876,1,Arys and Karatau State Reserved Zone ,Арысская и Карактауская  государственная заповедная  зона,State Natural Protected Zone,State Natural Protected Zone,National,VI,Not Applicable,0,0,0,4040,4019.01459783992,Not Applicable,0,Designated,2001,Federal or national ministry or agency,State,"Forestry and Wildlife Committee of the Ministry of Ecology, Geology and Natural Resources ",Not Reported,State Verified,1997,Not Reported,KAZ,KAZ,Not Applicable,Not Applicable
Polygon,555784002,555784002,1,Cold Winter Deserts of Turan,Cold Winter Deserts of Turan,World Heritage Site (natural or mixed),World Heritage Site (natural or mixed),International,Not Applicable,(ix)(x),0,0,0,33687.41,33545.9026725778,Not Applicable,0,Inscribed,2023,Not Reported,Not Reported,Not Reported,Not Reported,State Verified,946,Not Reported,"KAZ;TKM;UZB","KAZ;TKM;UZB",Not Applicable,Not Applicable
Polygon,903137,903137,1,Saryarka – Steppe and Lakes of Northern Kazakhstan,Saryarka - Steppe et lacs du Kazakhstan septentrional,World Heritage Site (natural or mixed),World Heritage Site (natural or mixed),International,Not Applicable,(ix)(x),0,0,0,4503.44,4488.44265558887,Not Applicable,0,Inscribed,2008,Not Reported,Not Reported,Not Reported,Not Reported,State Verified,946,KZ-AKM,KAZ,KAZ,Not Applicable,Not Applicable
Polygon,555622040,555622040,1,Western Tien-shan,Tien Shan occidental,World Heritage Site (natural or mixed),World Heritage Site (natural or mixed),International,Not Applicable,(x),0,0,0,5281.776,3402.47797883488,Not Applicable,0,Inscribed,2016,Not Reported,Not Reported,Not Reported,Not Reported,State Verified,946,Not Reported,"UZB;KGZ;KAZ","UZB;KGZ;KAZ",Not Applicable,Not Applicable
Point,478022,478022,1,Ural River Delta and adjacent Caspian Sea coast,Ural River Delta and adjacent Caspian Sea coast,"Ramsar Site, Wetland of International Importance","Ramsar Site, Wetland of International Importance",International,Not Reported,(i)(ii)(iii)(iv)(v)(vi)(vii),0,0,,1115,,Not Applicable,0,Designated,2009,Not Reported,Not Reported,Not Reported,Management plan is implemented and is available,State Verified,1856,KZ-ATY,KAZ,KAZ,Not Applicable,Not Applicable
Point,478024,478024,1,Koibagar-Tyuntyugur Lake System,Koibagar-Tyuntyugur Lake System,"Ramsar Site, Wetland of International Importance","Ramsar Site, Wetland of International Importance",International,Not Reported,(ii)(iv)(v)(vi),0,0,,580,,Not Applicable,0,Designated,2009,Not Reported,Not Reported,Not Reported,Management plan is not implented and not available,State Verified,1856,KZ-KUS,KAZ,KAZ,Not Applicable,Not Applicable
Point,478025,478025,1,Kulykol-Taldykol Lake System,Kulykol-Taldykol Lake System,"Ramsar Site, Wetland of International Importance","Ramsar Site, Wetland of International Importance",International,Not Reported,(ii)(iv)(v)(vi),0,0,,83,,Not Applicable,0,Designated,2009,Not Reported,Not Reported,Not Reported,Management plan is not implemented and not available,State Verified,1856,KZ-KUS,KAZ,KAZ,Not Applicable,Not Applicable
Point,555542700,555542700,1,Alakol-Sasykkol Lakes System,Alakol-Sasykkol Lakes System,"Ramsar Site, Wetland of International Importance","Ramsar Site, Wetland of International Importance",International,Not Reported,(i)(ii)(iii)(iv)(v)(vii),0,0,,9146.63,,Not Applicable,0,Designated,2009,Not Reported,Not Reported,Not Reported,Management plan is implemented and is available,State Verified,1856,"KZ-ALM; KZ-VOS",KAZ,KAZ,Not Applicable,Not Applicable
Point,555543065,555543065,1,Ili River Delta and South Lake Balkhash,Ili River Delta and South Lake Balkhash,"Ramsar Site, Wetland of International Importance","Ramsar Site, Wetland of International Importance",International,Not Reported,(i)(ii)(iii)(iv)(v)(vi),0,0,,9766.3,,Not Applicable,0,Designated,2012,Not Reported,Not Reported,Not Reported,Management plan is implemented and is available,State Verified,1856,KZ-ALM,KAZ,KAZ,Not Applicable,Not Applicable
Point,555555583,555555583,1,Lesser Aral Sea and Delta of the Syrdarya River,Lesser Aral Sea and Delta of the Syrdarya River,"Ramsar Site, Wetland of International Importance","Ramsar Site, Wetland of International Importance",International,Not Reported,(ii)(iii)(iv)(v)(vi)(viii),0,0,,3300,,Not Applicable,0,Designated,2012,Not Reported,Not Reported,Not Reported,Management plan is implemented and is available,State Verified,1856,Not Reported,KAZ,KAZ,Not Applicable,Not Applicable
Point,555705877,555705877,1,"State Natural Monument  ""Sharp hill «Helmet»""","Государственный памятник природы ""Острая сопка «Шлем»""",State Nature Reserve,State Nature Reserve,National,III,Not Applicable,0,0,,0.02,,Not Applicable,0,Designated,2001,Federal or national ministry or agency,State,"Forestry and Wildlife Committee of the Ministry of Ecology, Geology and Natural Resources ",Not Reported,State Verified,1997,KZ-AKM,KAZ,KAZ,Not Applicable,Not Applicable
Point,555705878,555705878,1,"Natural Monument  ""Jackdaw hill""","Памятник природы ""Галочья сопка""",State Nature Reserve,State Nature Reserve,National,III,Not Applicable,0,0,,0.02,,Not Applicable,0,Designated,2001,Federal or national ministry or agency,State,"Forestry and Wildlife Committee of the Ministry of Ecology, Geology and Natural Resources ",Not Reported,State Verified,1997,KZ-AKM,KAZ,KAZ,Not Applicable,Not Applicable
Point,555705879,555705879,1,"State Natural Monument  ""Relic pond""","Государственный памятник природы ""Пруд с реликтовыми насаждениями""",State Nature Reserve,State Nature Reserve,National,III,Not Applicable,0,0,,0.01,,Not Applicable,0,Designated,2001,Federal or national ministry or agency,State,"Forestry and Wildlife Committee of the Ministry of Ecology, Geology and Natural Resources ",Not Reported,State Verified,1997,KZ-AKM,KAZ,KAZ,Not Applicable,Not Applicable
Point,555705880,555705880,1,"State Natural Monument  ""Green cape""","Государственный памятник природы ""Зеленый мыс""",State Nature Reserve,State Nature Reserve,National,III,Not Applicable,0,0,,0.012,,Not Applicable,0,Designated,2001,Federal or national ministry or agency,State,"Forestry and Wildlife Committee of the Ministry of Ecology, Geology and Natural Resources ",Not Reported,State Verified,1997,KZ-AKM,KAZ,KAZ,Not Applicable,Not Applicable
Point,555705881,555705881,1,"Natural Monument  ""Raspberry cape""","Государственный памятник природы ""Малиновый мыс""",State Nature Reserve,State Nature Reserve,National,III,Not Applicable,0,0,,0.005,,Not Applicable,0,Designated,2001,Federal or national ministry or agency,State,"Forestry and Wildlife Committee of the Ministry of Ecology, Geology and Natural Resources ",Not Reported,State Verified,1997,KZ-AKM,KAZ,KAZ,Not Applicable,Not Applicable
Point,555705882,555705882,1,"State Natural Monument  ""Hill «Strekach»""","Государственный памятник природы ""Сопка «Стрекач»""",State Nature Reserve,State Nature Reserve,National,III,Not Applicable,0,0,,0.013,,Not Applicable,0,Designated,2001,Federal or national ministry or agency,State,"Forestry and Wildlife Committee of the Ministry of Ecology, Geology and Natural Resources ",Not Reported,State Verified,1997,KZ-AKM,KAZ,KAZ,Not Applicable,Not Applicable
Point,555705883,555705883,1,"Natural Monument  ""Fire Hill""","Памятник природы ""Сопка ""Пожарная""",State Nature Reserve,State Nature Reserve,National,III,Not Applicable,0,0,,0.01,,Not Applicable,0,Designated,2001,Federal or national ministry or agency,State,"Forestry and Wildlife Committee of the Ministry of Ecology, Geology and Natural Resources ",Not Reported,State Verified,1997,KZ-AKM,KAZ,KAZ,Not Applicable,Not Applicable
Point,555705884,555705884,1,"State Natural Monument  ""Piceous hill""","Государственный памятник природы ""Смольная сопка""",State Nature Reserve,State Nature Reserve,National,III,Not Applicable,0,0,,0.01,,Not Applicable,0,Designated,2001,Federal or national ministry or agency,State,"Forestry and Wildlife Committee of the Ministry of Ecology, Geology and Natural Resources ",Not Reported,State Verified,1997,KZ-AKM,KAZ,KAZ,Not Applicable,Not Applicable
Point,555705885,555705885,1,"Natural Monument ""Eagle mountain"" hill and spring key ""","Памятник природы ""Сопка «Орлиная гора» и родниковый ключ""",State Nature Reserve,State Nature Reserve,National,III,Not Applicable,0,0,,0.03,,Not Applicable,0,Designated,2001,Federal or national ministry or agency,State,"Forestry and Wildlife Committee of the Ministry of Ecology, Geology and Natural Resources ",Not Reported,State Verified,1997,KZ-AKM,KAZ,KAZ,Not Applicable,Not Applicable
Point,555705886,555705886,1,"State National Nature Park ""Buiratau""","Государственный национальный природный парк ""Буйратау""",State National Nature Park ,State National Nature Park ,National,II,Not Applicable,0,0,,889.68,,Not Applicable,0,Designated,2011,Federal or national ministry or agency,State,"Forestry and Wildlife Committee of the Ministry of Ecology, Geology and Natural Resources ",Management plan is implemented and is available,State Verified,1997,KZ-SEV,KAZ,KAZ,Not Applicable,Not Applicable
Point,555705887,555705887,1,"Natural Monument ""Pinery""","Памятник природы ""Сосновый бор""",State Nature Reserve,State Nature Reserve,National,III,Not Applicable,0,0,,0.26,,Not Applicable,0,Designated,2001,Federal or national ministry or agency,State,"Forestry and Wildlife Committee of the Ministry of Ecology, Geology and Natural Resources ",Not Reported,State Verified,1997,KZ-AKM,KAZ,KAZ,Not Applicable,Not Applicable
Point,555705888,555705888,1,"Natural Monument ""Sharp hill"" ","Памятник природы ""Острая сопка"" ",State Nature Reserve,State Nature Reserve,National,III,Not Applicable,0,0,,0.03,,Not Applicable,0,Designated,2001,Federal or national ministry or agency,State,"Forestry and Wildlife Committee of the Ministry of Ecology, Geology and Natural Resources ",Not Reported,State Verified,1997,KZ-AKM,KAZ,KAZ,Not Applicable,Not Applicable
Point,555705889,555705889,1,"Natural Monument ""Waterfall with cave""","Памятник природы ""Водопад с пещерой""",State Nature Reserve,State Nature Reserve,National,III,Not Applicable,0,0,,0.005,,Not Applicable,0,Designated,2001,Federal or national ministry or agency,State,"Forestry and Wildlife Committee of the Ministry of Ecology, Geology and Natural Resources ",Not Reported,State Verified,1997,KZ-AKM,KAZ,KAZ,Not Applicable,Not Applicable
Point,555705890,555705890,1,"Natural Monument ""Hill «Two brothers»""","Памятник природы ""Сопка «Два брата»""",State Nature Reserve,State Nature Reserve,National,III,Not Applicable,0,0,,0.105,,Not Applicable,0,Designated,2001,Federal or national ministry or agency,State,"Forestry and Wildlife Committee of the Ministry of Ecology, Geology and Natural Resources ",Not Reported,State Verified,1997,KZ-AKM,KAZ,KAZ,Not Applicable,Not Applicable
Point,555705891,555705891,1,"Natural Monument ""Split hill""","Памятник природы ""Расколотая сопка""",State Nature Reserve,State Nature Reserve,National,III,Not Applicable,0,0,,0.02,,Not Applicable,0,Designated,2001,Federal or national ministry or agency,State,"Forestry and Wildlife Committee of the Ministry of Ecology, Geology and Natural Resources ",Not Reported,State Verified,1997,KZ-AKM,KAZ,KAZ,Not Applicable,Not Applicable
Point,555705892,555705892,1,"Natural Monument ""Island of lake ""Imantau""","Памятник природы ""Остров озера ""Имантау""",State Nature Reserve,State Nature Reserve,National,III,Not Applicable,0,0,,0.344,,Not Applicable,0,Designated,2001,Federal or national ministry or agency,State,"Forestry and Wildlife Committee of the Ministry of Ecology, Geology and Natural Resources ",Not Reported,State Verified,1997,KZ-AKM,KAZ,KAZ,Not Applicable,Not Applicable
Point,555705893,555705893,1,"Natural Monument ""Relic Array""","Памятник природы ""Реликтовый массив""",State Nature Reserve,State Nature Reserve,National,III,Not Applicable,0,0,,0.02,,Not Applicable,0,Designated,2001,Federal or national ministry or agency,State,"Forestry and Wildlife Committee of the Ministry of Ecology, Geology and Natural Resources ",Not Reported,State Verified,1997,KZ-AKM,KAZ,KAZ,Not Applicable,Not Applicable
Point,555705894,555705894,1,"Natural Monument ""Rock sediments ""Pot""""","Памятник природы ""Скальные отложения ""Котелок""""",State Nature Reserve,State Nature Reserve,National,III,Not Applicable,0,0,,0.039,,Not Applicable,0,Designated,2001,Federal or national ministry or agency,State,"Forestry and Wildlife Committee of the Ministry of Ecology, Geology and Natural Resources ",Not Reported,State Verified,1997,KZ-AKM,KAZ,KAZ,Not Applicable,Not Applicable
Point,555705895,555705895,1,"Natural Monument ""Hill «Review»""","Памятник природы ""Сопка «Обозрение»""",State Nature Reserve,State Nature Reserve,National,III,Not Applicable,0,0,,0.038,,Not Applicable,0,Designated,2001,Federal or national ministry or agency,State,"Forestry and Wildlife Committee of the Ministry of Ecology, Geology and Natural Resources ",Not Reported,State Verified,1997,KZ-AKM,KAZ,KAZ,Not Applicable,Not Applicable
Point,555705896,555705896,1,Natural Monument «Singing barchans»,Памятник природы «Поющие барханы»,State Nature Reserve,State Nature Reserve,National,III,Not Applicable,0,0,,2.4,,Not Applicable,0,Designated,2001,Federal or national ministry or agency,State,"Forestry and Wildlife Committee of the Ministry of Ecology, Geology and Natural Resources ",Not Reported,State Verified,1997,KZ-AKM,KAZ,KAZ,Not Applicable,Not Applicable
Point,555705897,555705897,1,"Natural Monument ""Charyn ash forest"" ","Памятник природы ""Чарынская ясеневая лесная дача"" ",State Nature Reserve,State Nature Reserve,National,III,Not Applicable,0,0,,50.14,,Not Applicable,0,Designated,2001,Federal or national ministry or agency,State,"Forestry and Wildlife Committee of the Ministry of Ecology, Geology and Natural Resources ",Not Reported,State Verified,1997,KZ-AKM,KAZ,KAZ,Not Applicable,Not Applicable
Point,555705898,555705898,1,"Natural Monument  ""Baum's grove""","Памятник природы ""Роща Баума""",Zakaznik,Zakaznik,National,IV,Not Applicable,0,0,,1.3,,Not Applicable,0,Designated,2017,Sub-national ministry or agency,Communal,Akimats of the regions,Not Reported,State Verified,1997,KZ-KAR,KAZ,KAZ,Not Applicable,Not Applicable
Point,555705899,555705899,1,"Natural Monument ""Chinturgen firry  grove""","Памятник природы ""Чинтургенские  ельники""",State Nature Reserve,State Nature Reserve,National,III,Not Applicable,0,0,,9,,Not Applicable,0,Designated,2001,Federal or national ministry or agency,State,"Forestry and Wildlife Committee of the Ministry of Ecology, Geology and Natural Resources ",Not Reported,State Verified,1997,KZ-AKM,KAZ,KAZ,Not Applicable,Not Applicable
Point,555705900,555705900,1,"Natural Monument ""Sinegorskaya firry grove""","Памятник природы ""Синегорская пихтовая роща""",State Nature Reserve,State Nature Reserve,National,III,Not Applicable,0,0,,1.37,,Not Applicable,0,Designated,2001,Federal or national ministry or agency,State,"Forestry and Wildlife Committee of the Ministry of Ecology, Geology and Natural Resources ",Not Reported,State Verified,1997,KZ-AKM,KAZ,KAZ,Not Applicable,Not Applicable
Point,555705901,555705901,1,Natural Monument «Goose flight»,Памятник природы «Гусиный перелет»,State Nature Reserve,State Nature Reserve,National,III,Not Applicable,0,0,,0.02,,Not Applicable,0,Designated,2001,Federal or national ministry or agency,State,"Forestry and Wildlife Committee of the Ministry of Ecology, Geology and Natural Resources ",Not Reported,State Verified,1997,KZ-AKM,KAZ,KAZ,Not Applicable,Not Applicable
Point,555705902,555705902,1,"Natural Monument ""Zhanazhol""","Памятник природы ""Жанажол""",State Nature Reserve,State Nature Reserve,National,III,Not Applicable,0,0,,0.09,,Not Applicable,0,Designated,2001,Federal or national ministry or agency,State,"Forestry and Wildlife Committee of the Ministry of Ecology, Geology and Natural Resources ",Not Reported,State Verified,1997,KZ-AKM,KAZ,KAZ,Not Applicable,Not Applicable
Point,555705903,555705903,1,Main Botanical Garden ,Главный ботанический сад ,State Botanical Garden ,State Botanical Garden ,National,Not Reported,Not Applicable,0,0,,1.04,,Not Applicable,0,Designated,1932,Federal or national ministry or agency,State,"Forestry and Wildlife Committee of the Ministry of Ecology, Geology and Natural Resources ",Not Reported,State Verified,1997,KZ-ALM,KAZ,KAZ,Not Applicable,Not Applicable
Point,555705904,555705904,1,Ily Botanical Garden,Илийский ботанический сад,State Botanical Garden ,State Botanical Garden ,National,Not Reported,Not Applicable,0,0,,0.65,,Not Applicable,0,Designated,1943,Federal or national ministry or agency,State,"Forestry and Wildlife Committee of the Ministry of Ecology, Geology and Natural Resources ",Not Reported,State Verified,1997,KZ-ALM,KAZ,KAZ,Not Applicable,Not Applicable
Point,555705905,555705905,1,Altay Botanical Garden,Алтайский ботанический сад,State Botanical Garden ,State Botanical Garden ,National,Not Reported,Not Applicable,0,0,,1.54,,Not Applicable,0,Designated,1935,Federal or national ministry or agency,State,"Forestry and Wildlife Committee of the Ministry of Ecology, Geology and Natural Resources ",Not Reported,State Verified,1997,KZ-VOS,KAZ,KAZ,Not Applicable,Not Applicable
Point,555705906,555705906,1,Zheskazgan Botanical Garden,Жезказганский ботанический сад,Experimental Botanical Garden,Experimental Botanical Garden,National,Not Reported,Not Applicable,0,0,,0.62,,Not Applicable,0,Designated,1941,Federal or national ministry or agency,State,"Forestry and Wildlife Committee of the Ministry of Ecology, Geology and Natural Resources ",Not Reported,State Verified,1997,KZ-KAR,KAZ,KAZ,Not Applicable,Not Applicable
Point,342652,342652,1,Mangyshlak experimental Botanical Garden,Мангышлакский экспериментальный ботанический сад,Experimental Botanical Garden,Experimental Botanical Garden,National,Not Reported,Not Applicable,0,0,,0.39,,Not Applicable,0,Designated,1970,Federal or national ministry or agency,State,"Forestry and Wildlife Committee of the Ministry of Ecology, Geology and Natural Resources ",Not Reported,State Verified,1997,KZ-MAN,KAZ,KAZ,Not Applicable,Not Applicable
